{"stats":{"minecraft:mined":{"minecraft:grass_block":1,"minecraft:oak_log":10,"minecraft:dirt":4,"minecraft:stone":17,"minecraft:andesite":5,"minecraft:oak_leaves":4},"minecraft:used":{"minecraft:stone_axe":7,"minecraft:crafting_table":1,"minecraft:stone_pickaxe":7,"minecraft:wooden_pickaxe":15},"minecraft:custom":{"minecraft:time_since_rest":10336,"minecraft:play_time":10336,"minecraft:sprint_one_cm":12200,"minecraft:damage_taken":20,"minecraft:walk_one_cm":5806,"minecraft:mob_kills":7,"minecraft:jump":106,"minecraft:damage_dealt":600,"minecraft:time_since_death":10336,"minecraft:total_world_time":10336,"minecraft:interact_with_crafting_table":3,"minecraft:fall_one_cm":1736,"minecraft:fly_one_cm":20562},"minecraft:crafted":{"minecraft:oak_planks":40,"minecraft:stone_axe":1,"minecraft:crafting_table":1,"minecraft:stick":8,"minecraft:stone_pickaxe":1,"minecraft:wooden_pickaxe":1},"minecraft:picked_up":{"minecraft:andesite":5,"minecraft:leather":1,"minecraft:beef":1,"minecraft:porkchop":3,"minecraft:oak_log":10,"minecraft:mutton":8,"minecraft:white_wool":5,"minecraft:dirt":5,"minecraft:cobblestone":17},"minecraft:killed":{"minecraft:sheep":5,"minecraft:pig":1,"minecraft:cow":1}},"DataVersion":3953}