{"stats":{"minecraft:mined":{"minecraft:oak_door":2,"minecraft:andesite":5,"minecraft:granite":1,"minecraft:coal_ore":11,"minecraft:grass_block":1,"minecraft:oak_log":15,"minecraft:dirt":4,"minecraft:stone":30,"minecraft:oak_leaves":5},"minecraft:used":{"minecraft:stone_pickaxe":32,"minecraft:wooden_pickaxe":15,"minecraft:stone_axe":16,"minecraft:oak_door":2,"minecraft:dirt":1,"minecraft:crafting_table":1,"minecraft:furnace":2,"minecraft:white_bed":1},"minecraft:custom":{"minecraft:time_since_rest":7767,"minecraft:interact_with_furnace":3,"minecraft:sprint_one_cm":23516,"minecraft:damage_taken":70,"minecraft:walk_one_cm":11183,"minecraft:mob_kills":8,"minecraft:damage_dealt":700,"minecraft:swim_one_cm":16981,"minecraft:interact_with_crafting_table":7,"minecraft:fly_one_cm":28756,"minecraft:play_time":19229,"minecraft:sneak_time":94,"minecraft:walk_under_water_one_cm":3908,"minecraft:jump":186,"minecraft:leave_game":1,"minecraft:time_since_death":19229,"minecraft:walk_on_water_one_cm":3031,"minecraft:sleep_in_bed":1,"minecraft:total_world_time":19229,"minecraft:fall_one_cm":3302},"minecraft:crafted":{"minecraft:oak_door":3,"minecraft:oak_planks":40,"minecraft:crafting_table":1,"minecraft:stick":8,"minecraft:wooden_pickaxe":1,"minecraft:stone_pickaxe":1,"minecraft:furnace":2,"minecraft:white_bed":1,"minecraft:stone_axe":1},"minecraft:picked_up":{"minecraft:oak_door":2,"minecraft:andesite":5,"minecraft:leather":2,"minecraft:porkchop":3,"minecraft:oak_log":15,"minecraft:dirt":5,"minecraft:beef":2,"minecraft:granite":1,"minecraft:mutton":8,"minecraft:coal":11,"minecraft:white_wool":5,"minecraft:cobblestone":30},"minecraft:killed":{"minecraft:sheep":5,"minecraft:pig":1,"minecraft:cow":2}},"DataVersion":3953}